OBJ_ORG,OBJ_MRC,OBJ_UDFCHAR15,OBJ_OBTYPE,OBJ_CLASS,ORG_UDFCHKBOX01,OBJ_NOTUSED
FRANKE,CH0080,CH0080,L,SITE,-,-
MOATIZE,MO0012,MO0012,L,SITE,-,-
MOATIZE,MO0011,MO0011,L,SITE,-,-
DOFASCO,CA8361,CA8361,L,SITE,-,-
ROSEBEL,SU0010,SU0010,L,SITE,-,-
OLYMPIC DAM,AU0420,AU0420,L,SITE,-,-
WATERFORD,CA8362,CA8362,L,SITE,-,-
WATERFORD,CA8363,CA8363,L,SITE,-,-
PEÃ‘ASQUITO,ME0180,ME0180,L,SITE,-,-
BLACK ROCK,SA0340,SA0340,L,SITE,-,-
BLACK ROCK,SA0341,SA0341,L,SITE,-,-
BLACK ROCK,SA0342,SA0342,L,SITE,-,-
BLACK ROCK,SA0343,SA0343,L,SITE,-,-
MOPANI,ZA0061,ZA0061,L,SITE,-,-
MOPANI,ZA0062,ZA0062,L,SITE,-,-
MOPANI,ZA0063,ZA0063,L,SITE,-,-
MOPANI,ZA0064,ZA0064,L,SITE,-,-
MOPANI,ZA0065,ZA0065,L,SITE,-,-
MOPANI,ZA0060,ZA0060,L,SITE,-,-
WALKER BROTHERS,CA8364,CA836400,L,SITE,-,-
BLACK ROCK,SA0344,SA0344,L,SITE,-,-
MOUNT ISA,AU0530,AU0530,L,SITE,-,-
LEEUWPAN,SA0451,SA0451,L,SITE,-,-
LEEUWPAN,SA0453,SA0453,L,SITE,-,-
POGO,AU0540,AU0540,L,SITE,-,-
REDPATH MINING,ZM0041,ZA0041,L,SITE,-,-
SYAMA,MA010000,MA010000,L,SITE,-,-
TILLICOULTRY,UK130100,UK130100,L,SITE,-,-
TILLICOULTRY,UK130101,UK130101,L,SITE,-,-
TILLICOULTRY,UK130102,UK130102,L,SITE,-,-
TILLICOULTRY,UK130103,UK130103,L,SITE,-,-
TILLICOULTRY,UK130104,UK130104,L,SITE,-,-
TILLICOULTRY,UK130105,UK130105,L,SITE,-,-
TILLICOULTRY,UK130106,UK130106,L,SITE,-,-
TILLICOULTRY,UK130107,UK130107,L,SITE,-,-
TILLICOULTRY,UK130108,UK130108,L,SITE,-,-
TILLICOULTRY,UK130109,UK130109,L,SITE,-,-
TILLICOULTRY,UK130110,UK130110,L,SITE,-,-
TILLICOULTRY,UK130111,UK130111,L,SITE,-,-
TILLICOULTRY,UK130112,UK130112,L,SITE,-,-
TILLICOULTRY,UK130113,UK130113,L,SITE,-,-
TILLICOULTRY,UK130114,UK130114,L,SITE,-,-
MOUNT ISA,AU0531,AU0531,L,SITE,-,-
SUBIKA,GH120000,GH120000,L,SITE,-,-
MUNALI,ZM000071,ZA0071,L,SITE,-,-
CHIRANO,GH0080,GH0080,L,SITE,-,-
DP WORLD CANADA,CA0381,CA0831,L,SITE,-,-
EL ROBLE,ME0370,ME0370,L,SITE,-,-
MIDDLEMOUNT,AU0550,AU0550,L,SITE,-,-
NORTHERN STAR,AU0580,AU0580,L,SITE,-,-
NORTHERN STAR,AU0590,AU0590,L,SITE,-,-
NORTHERN STAR,AU0570,AU0570,L,SITE,-,-
NORTHERN STAR,AU0560,AU0560,L,SITE,-,-
CHIRANO,GH0081,GH0081,L,SITE,-,-
ANTUCOYA,CH0240,CH0240,L,SITE,-,-
CHEPSTOW PLANT,UK460101,UK460101,L,SITE,-,-
WONDERFONTEIN,SA0500,SA0500,L,SITE,-,-
STYLDRIFT,SA0190,SA0190,L,SITE,-,-
WALKER BROTHERS,CA836401,CA836401,L,SITE,-,-
WALKER BROTHERS,CA836402,CA836402,L,SITE,-,-
WALKER BROTHERS,CA836403,CA836403,L,SITE,-,-
WALKER BROTHERS,CA836404,CA836404,L,SITE,-,-
WALKER BROTHERS,CA836405,CA836405,L,SITE,-,-
WALKER BROTHERS,CA836406,CA836406,L,SITE,-,-
WALKER BROTHERS,CA836408,CA836408,L,SITE,-,-
WALKER BROTHERS,CA836409,CA836409,L,SITE,-,-
WALKER BROTHERS,CA836410,CA836410,L,SITE,-,-
WALKER BROTHERS,CA836411,CA836411,L,SITE,-,-
WALKER BROTHERS,CA836412,CA836412,L,SITE,-,-
WALKER BROTHERS,CA836413,CA836413,L,SITE,-,-
WALKER BROTHERS,CA836415,CA836415,L,SITE,-,-
RHOVAN,SA0454,SA0454,L,SITE,-,-
14 SHAFT,SA0160,SA0160,L,SITE,-,-
STYLDRIFT,SA0191,SA0191,L,SITE,-,-
STYLDRIFT,SA0192,SA0192,L,SITE,-,-
STYLDRIFT,SA0193,SA0193,L,SITE,-,-
HAMMERSTONE,CA322100,CA322100,L,SITE,-,-
DP WORLD CANADA,CA0382,CA0832,L,SITE,-,-
WALKER BROTHERS,CA836414,CA836414,L,SITE,-,-
WALKER BROTHERS,CA836416,CA836416,L,SITE,-,-
KCGM,AU0610,AU0610,L,SITE,-,-
KCGM,AU0600,AU0600,L,SITE,-,-
FRUTA DEL NORTE,EC0001,EC0001,L,SITE,-,-
PENTALIN,SA020101,SA020101,L,SITE,-,-
PENTALIN,SA020102,SA020102,L,SITE,-,-
PENTALIN,SA020103,SA020103,L,SITE,-,-
PENTALIN,SA020104,SA020104,L,SITE,-,-
RAVENSWOOD GOLD,AU0620,AU0620,L,SITE,-,-
HERRADURA,ME0110,ME0110,L,SITE,-,-
HIGHLAND VALLEY,CA3820,CA3820,L,SITE,-,-
BURITICA,CO0170,CO0170,L,SITE,-,-
AKYEM,GH0010,GH0010,L,SITE,-,-
TARMAC,UK130201,UK130201,L,SITE,-,-
DUFFERIN AGG,CA836500,CA836500,L,SITE,-,-
DUFFERIN AGG,CA836501,CA836501,L,SITE,-,-
DUFFERIN AGG,CA836502,CA836502,L,SITE,-,-
DUFFERIN AGG,CA836503,CA836503,L,SITE,-,-
DUFFERIN AGG,CA836504,CA836504,L,SITE,-,-
DUFFERIN AGG,CA836505,CA836505,L,SITE,-,-
DUFFERIN AGG,CA836506,CA836506,L,SITE,-,-
DUFFERIN AGG,CA836507,CA836507,L,SITE,-,-
DUFFERIN AGG,CA836508,CA836508,L,SITE,-,-
DUFFERIN AGG,CA836509,CA836509,L,SITE,-,-
DUFFERIN AGG,CA836510,CA836510,L,SITE,-,-
DUFFERIN AGG,CA836511,CA836511,L,SITE,-,-
DUFFERIN AGG,CA836512,CA836512,L,SITE,-,-
DUFFERIN AGG,CA836513,CA836513,L,SITE,-,-
DUFFERIN AGG,CA836514,CA836514,L,SITE,-,-
DUFFERIN AGG,CA836515,CA836515,L,SITE,-,-
DUFFERIN AGG,CA836516,CA836516,L,SITE,-,-
DUFFERIN AGG,CA836517,CA836517,L,SITE,-,-
DUFFERIN AGG,CA836518,CA836518,L,SITE,-,-
DUFFERIN AGG,CA836519,CA836519,L,SITE,-,-
DUFFERIN AGG,CA836520,CA836520,L,SITE,-,-
DUFFERIN AGG,CA836521,CA836521,L,SITE,-,-
DUFFERIN AGG,CA836522,CA836522,L,SITE,-,-
DUFFERIN AGG,CA836523,CA836523,L,SITE,-,-
DUFFERIN AGG,CA836524,CA836524,L,SITE,-,-
DUFFERIN CONCR,CA836550,CA836550,L,SITE,-,-
DUFFERIN CONCR,CA836551,CA836551,L,SITE,-,-
DUFFERIN CONCR,CA836552,CA836552,L,SITE,-,-
DUFFERIN CONCR,CA836553,CA836553,L,SITE,-,-
DUFFERIN CONCR,CA836554,CA836554,L,SITE,-,-
DUFFERIN CONCR,CA836555,CA836555,L,SITE,-,-
DUFFERIN CONCR,CA836556,CA836556,L,SITE,-,-
DUFFERIN CONCR,CA836557,CA836557,L,SITE,-,-
DUFFERIN CONCR,CA836558,CA836558,L,SITE,-,-
DUFFERIN CONCR,CA836559,CA836559,L,SITE,-,-
DUFFERIN CONCR,CA836560,CA836560,L,SITE,-,-
DUFFERIN CONCR,CA836561,CA836561,L,SITE,-,-
DUFFERIN CONCR,CA836562,CA836562,L,SITE,-,-
DUFFERIN CONCR,CA836563,CA836563,L,SITE,-,-
DUFFERIN CONCR,CA836564,CA836564,L,SITE,-,-
DUFFERIN CONCR,CA836565,CA836565,L,SITE,-,-
DUFFERIN CONSTR,CA836580,CA836580,L,SITE,-,-
DUFFERIN CONSTR,CA836581,CA836581,L,SITE,-,-
DUFFERIN CONSTR,CA836582,CA836582,L,SITE,-,-
DRUMMOND,CO0131,CO0131,L,SITE,-,-
DRUMMOND,CO0132,CO0132,L,SITE,-,-
14 SHAFT,SA0161,SA0161,L,SITE,-,-
14 SHAFT,SA0162,SA0162,L,SITE,-,-
14 SHAFT,SA0163,SA0163,L,SITE,-,-
14 SHAFT,SA0164,SA0164,L,SITE,-,-
HANSON AGG,UK110101,UK110101,L,SITE,-,-
SWARTKLIP ECO,SA1900,SA1900,L,SITE,-,-
KOMATIPOORT ECO,SA1190,SA1190,L,SITE,-,-
TILLICOULTRY,UK130115,UK130115,L,SITE,-,-
TILLICOULTRY,UK130116,UK130116,L,SITE,-,-
TILLICOULTRY,UK130117,UK130117,L,SITE,-,-
TILLICOULTRY,UK130118,UK130118,L,SITE,-,-
TILLICOULTRY,UK130119,UK130119,L,SITE,-,-
TILLICOULTRY,UK130120,UK130120,L,SITE,-,-
TILLICOULTRY,UK130121,UK130121,L,SITE,-,-
TILLICOULTRY,UK130122,UK130122,L,SITE,-,-
TILLICOULTRY,UK130123,UK130123,L,SITE,-,-
TILLICOULTRY,UK130124,UK130124,L,SITE,-,-
TILLICOULTRY,UK130125,UK130125,L,SITE,-,-
TILLICOULTRY,UK130126,UK130126,L,SITE,-,-
TILLICOULTRY,UK130127,UK130127,L,SITE,-,-
TILLICOULTRY,UK130128,UK130128,L,SITE,-,-
LAFARGE CANADA,CA836600,CA836600,L,SITE,-,-
LAFARGE CANADA,CA836601,CA836601,L,SITE,-,-
LAFARGE CANADA,CA836602,CA836602,L,SITE,-,-
LAFARGE CANADA,CA836603,CA836603,L,SITE,-,-
LAFARGE CANADA,CA836604,CA836604,L,SITE,-,-
LAFARGE CANADA,CA836605,CA836605,L,SITE,-,-
LAFARGE CANADA,CA836606,CA836606,L,SITE,-,-
LAFARGE CANADA,CA836607,CA836607,L,SITE,-,-
LAFARGE CANADA,CA836608,CA836608,L,SITE,-,-
LAFARGE CANADA,CA836609,CA836609,L,SITE,-,-
LAFARGE CANADA,CA836610,CA836610,L,SITE,-,-
LAFARGE CANADA,CA836611,CA836611,L,SITE,-,-
LAFARGE CANADA,CA836612,CA836612,L,SITE,-,-
LAFARGE CANADA,CA836613,CA836613,L,SITE,-,-
LAFARGE CANADA,CA836614,CA836614,L,SITE,-,-
LAFARGE CANADA,CA836615,CA836615,L,SITE,-,-
KEARL,CA338,CA3380,L,SITE,-,-
FORT HILLS,CA323,CA3230,L,SITE,-,-
BASEMINE,CA372,CA3720,L,SITE,-,-
COPPER MOUNTAIN,CA387,CA3870,L,SITE,-,-
EL ABRA,CL308,CH0210,L,SITE,-,-
MOUNT MILLIGAN,CA313,CA3130,L,SITE,-,-
MAYAGUEZ,CO302,CO0030,L,SITE,-,-
RAINY RIVER,CA306,CA3060,L,SITE,-,-
LUBAMBE,ZM300,ZA0040,L,SITE,-,-
SPENCE,CL304,CH0030,L,SITE,-,-
SUNCOR,CA330,CA3300,L,SITE,-,-
MOATIZE,MZ300,MO0010,L,SITE,-,-
DETOUR LAKE,CA345,CA3450,L,SITE,-,-
HORIZON,CA373,CA3730,L,SITE,-,-
LUMWANA,ZM303,ZA0070,L,SITE,-,-
MR VENETIA,ZA308,SA0410,L,SITE,-,-
COAL VALLEY,CA344,CA3440,L,SITE,-,-
AURORA,CA379,CA3790,L,SITE,-,-
CANUL,CA375,CA3750,L,SITE,-,-
CANUL,CA374,CA3740,L,SITE,-,-
ELKVIEW,CA317,CA3170,L,SITE,-,-
EPLTD,GH308,GH0071,L,SITE,-,-
COBRE DEL MAYO-,MX317,ME0010,L,SITE,-,-
COBRE PANAMA,PA900,PA0010,L,SITE,-,-
VALE SUDBURY,CAVALC,CA8533,L,SITE,-,-
VALE SUDBURY,CAVALT,CA8532,L,SITE,-,-
VALE SUDBURY,CAVALG,CA8531,L,SITE,-,-
BIGHORN MINING,CA3370,CA3370,L,SITE,-,-
LA INDIA,MX322,ME0330,L,SITE,-,-
CALLIDE,AU306,AU0300,L,SITE,-,-
CENTINELA,CL306,CH0140,L,SITE,-,-
GREENHILLS,CA324,CA3240,L,SITE,-,-
LINE CREEK,CA319,CA3190,L,SITE,-,-
FORDING RIVER,CA318,CA3180,L,SITE,-,-
GEORGE FISHER,AU314,AU0380,L,SITE,-,-
EAGLE GOLD,CA3860,CA3860,L,SITE,-,-
SITE C,CA3110,CA3110,L,SITE,-,-
LEEUWPAN,SA0450,SA0450,L,SITE,-,-
CASERONES,CH0220,CH0220,L,SITE,-,-
ERNEST HENRY,AU0360,AU0360,L,SITE,-,-
NOCHE BUENA,ME3270,ME0290,L,SITE,-,-
GAHCHO KUE,CA2721,CA2721,L,SITE,-,-
DUFFERIN AGG,CA836590,CA836590,L,SITE,-,-
DUFFERIN CONCR,CA836549,CA836549,L,SITE,-,-
DUFFERIN CONCR,CA836579,CA836579,L,SITE,-,-
ST IVES,AU0630,AU0630,L,SITE,-,-
VEOLIA,UK200090,UK200090,L,SITE,-,-
VEOLIA,UK200091,UK200091,L,SITE,-,-
NORTHERN STAR,AU0650,AU0650,L,SITE,-,-
VEOLIA,UK200106,UK200106,L,SITE,-,-
CHUQUICAMATA AC,CH0250,CH0250,L,SITE,-,-
SUPERIOR GOLD,AU0680,AU0680,L,SITE,-,-
HANSON AGG,UK210001,UK210001,L,SITE,-,-
HANSON AGG,UK210002,UK210002,L,SITE,-,-
HANSON AGG,UK210003,UK210003,L,SITE,-,-
HANSON AGG,UK210004,UK210004,L,SITE,-,-
HANSON AGG,UK210005,UK210005,L,SITE,-,-
HANSON AGG,UK210006,UK210006,L,SITE,-,-
HANSON AGG,UK210022,UK210022,L,SITE,-,-
HANSON AGG,UK210025,UK210025,L,SITE,-,-
HANSON AGG,UK210026,UK210026,L,SITE,-,-
HANSON AGG,UK210027,UK210027,L,SITE,-,-
HANSON AGG,UK210037,UK210037,L,SITE,-,-
HANSON AGG,UK210038,UK210038,L,SITE,-,-
HANSON AGG,UK210039,UK210039,L,SITE,-,-
HANSON AGG,UK210040,UK210040,L,SITE,-,-
HANSON AGG,UK210041,UK210041,L,SITE,-,-
HANSON AGG,UK210042,UK210042,L,SITE,-,-
HANSON AGG,UK210043,UK210043,L,SITE,-,-
HANSON AGG,UK210044,UK210044,L,SITE,-,-
HANSON AGG,UK210045,UK210045,L,SITE,-,-
HANSON AGG,UK210046,UK210046,L,SITE,-,-
HANSON AGG,UK210047,UK210047,L,SITE,-,-
HANSON AGG,UK210048,UK210048,L,SITE,-,-
HANSON AGG,UK210049,UK210049,L,SITE,-,-
HANSON AGG,UK210050,UK210050,L,SITE,-,-
HANSON AGG,UK210051,UK210051,L,SITE,-,-
HANSON AGG,UK210052,UK210052,L,SITE,-,-
HANSON AGG,UK210053,UK210053,L,SITE,-,-
HANSON AGG,UK210054,UK210054,L,SITE,-,-
HANSON AGG,UK210055,UK210055,L,SITE,-,-
HANSON AGG,UK210056,UK210056,L,SITE,-,-
HANSON AGG,UK210059,UK210059,L,SITE,-,-
HANSON AGG,UK210060,UK210060,L,SITE,-,-
HANSON AGG,UK210061,UK210061,L,SITE,-,-
HANSON AGG,UK210062,UK210062,L,SITE,-,-
HANSON AGG,UK210063,UK210063,L,SITE,-,-
HANSON AGG,UK210068,UK210068,L,SITE,-,-
HANSON AGG,UK210069,UK210069,L,SITE,-,-
HANSON AGG,UK210071,UK210071,L,SITE,-,-
HANSON AGG,UK210072,UK210072,L,SITE,-,-
HANSON AGG,UK210073,UK210073,L,SITE,-,-
HANSON AGG,UK210074,UK210074,L,SITE,-,-
HANSON AGG,UK210075,UK210075,L,SITE,-,-
HANSON AGG,UK210076,UK210076,L,SITE,-,-
HANSON AGG,UK210077,UK210077,L,SITE,-,-
HANSON AGG,UK210078,UK210078,L,SITE,-,-
HANSON AGG,UK210079,UK210079,L,SITE,-,-
HANSON AGG,UK210080,UK210080,L,SITE,-,-
SATOR PUERTO,CO0180,CO0180,L,SITE,-,-
AHAFO,GH0040,GH0040,L,SITE,-,-
REDPATH AUS,AU0641,AU0641,L,SITE,-,-
CONDRAIN,CA836902,CA836902,L,SITE,-,-
VEOLIA,UK200059,UK200059,L,SITE,-,-
VEOLIA,UK200060,UK200060,L,SITE,-,-
VEOLIA,UK200061,UK200061,L,SITE,-,-
VEOLIA,UK200062,UK200062,L,SITE,-,-
VEOLIA,UK200063,UK200063,L,SITE,-,-
VEOLIA,UK200064,UK200064,L,SITE,-,-
VEOLIA,UK200065,UK200065,L,SITE,-,-
VEOLIA,UK200066,UK200066,L,SITE,-,-
VEOLIA,UK200067,UK200067,L,SITE,-,-
VEOLIA,UK200068,UK200068,L,SITE,-,-
VEOLIA,UK200069,UK200069,L,SITE,-,-
VEOLIA,UK200070,UK200070,L,SITE,-,-
VEOLIA,UK200071,UK200071,L,SITE,-,-
VEOLIA,UK200072,UK200072,L,SITE,-,-
VEOLIA,UK200073,UK200073,L,SITE,-,-
VEOLIA,UK200074,UK200074,L,SITE,-,-
VEOLIA,UK200075,UK200075,L,SITE,-,-
VEOLIA,UK200076,UK200076,L,SITE,-,-
VEOLIA,UK200077,UK200077,L,SITE,-,-
VEOLIA,UK200078,UK200078,L,SITE,-,-
VEOLIA,UK200079,UK200079,L,SITE,-,-
VEOLIA,UK200080,UK200080,L,SITE,-,-
VEOLIA,UK200081,UK200081,L,SITE,-,-
VEOLIA,UK200082,UK200082,L,SITE,-,-
VEOLIA,UK200095,UK200095,L,SITE,-,-
VEOLIA,UK200100,UK200100,L,SITE,-,-
VEOLIA,UK200101,UK200101,L,SITE,-,-
VEOLIA,UK200102,UK200102,L,SITE,-,-
VEOLIA,UK200103,UK200103,L,SITE,-,-
VEOLIA,UK200104,UK200104,L,SITE,-,-
VEOLIA,UK200105,UK200105,L,SITE,-,-
OLYMPIC DAM,AU0421,AU0421,L,SITE,-,-
MALARTIC,CA3570,CA3570,L,SITE,-,-
DRUMMOND,CO1637,CO1637,L,SITE,-,-
NORTHERN STAR,AU0591,AU0591,L,SITE,-,-
EVOLUTION AUS,AU0691,AU0691,L,SITE,-,-
HANSON AGG,UK210057,UK210057,L,SITE,-,-
HANSON AGG,UK210058,UK210058,L,SITE,-,-
HANSON AGG,UK210064,UK210064,L,SITE,-,-
HANSON AGG,UK210065,UK210065,L,SITE,-,-
HANSON AGG,UK210066,UK210066,L,SITE,-,-
HANSON AGG,UK210067,UK210067,L,SITE,-,-
HANSON AGG,UK210070,UK210070,L,SITE,-,-
HANSON AGG,UK210081,UK210081,L,SITE,-,-
HANSON AGG,UK210082,UK210082,L,SITE,-,-
HANSON AGG,UK210083,UK210083,L,SITE,-,-
HANSON AGG,UK210084,UK210084,L,SITE,-,-
HANSON AGG,UK210085,UK210085,L,SITE,-,-
HANSON AGG,UK210086,UK210086,L,SITE,-,-
HANSON AGG,UK210087,UK210087,L,SITE,-,-
CHEPSTOW PLANT,UK460107,UK460107,L,SITE,-,-
CHEPSTOW PLANT,UK460114,UK460114,L,SITE,-,-
CHEPSTOW PLANT,UK460122,UK460122,L,SITE,-,-
CHEPSTOW PLANT,UK460124,UK460124,L,SITE,-,-
CHEPSTOW PLANT,UK460139,UK460139,L,SITE,-,-
CHEPSTOW PLANT,UK460137,UK460137,L,SITE,-,-
CHEPSTOW PLANT,UK460142,UK460142,L,SITE,-,-
LAFARGE CANADA,CA853639,CA853639,L,SITE,-,-
LAFARGE CANADA,CA853640,CA853640,L,SITE,-,-
LAFARGE CANADA,CA853641,CA853641,L,SITE,-,-
LAFARGE CANADA,CA853642,CA853642,L,SITE,-,-
LAFARGE CANADA,CA853643,CA853643,L,SITE,-,-
LAFARGE CANADA,CA853644,CA853644,L,SITE,-,-
CHEPSTOW PLANT,UK460103,UK460103,L,SITE,-,-
CHEPSTOW PLANT,UK460106,UK460106,L,SITE,-,-
CHEPSTOW PLANT,UK460109,UK460109,L,SITE,-,-
CHEPSTOW PLANT,UK460110,UK460110,L,SITE,-,-
CHEPSTOW PLANT,UK460111,UK460111,L,SITE,-,-
CHEPSTOW PLANT,UK460113,UK460113,L,SITE,-,-
CHEPSTOW PLANT,UK460115,UK460115,L,SITE,-,-
CHEPSTOW PLANT,UK460116,UK460116,L,SITE,-,-
CHEPSTOW PLANT,UK460117,UK460117,L,SITE,-,-
CHEPSTOW PLANT,UK460118,UK460118,L,SITE,-,-
CHEPSTOW PLANT,UK460119,UK460119,L,SITE,-,-
CHEPSTOW PLANT,UK460125,UK460125,L,SITE,-,-
CHEPSTOW PLANT,UK460128,UK460128,L,SITE,-,-
CHEPSTOW PLANT,UK460129,UK460129,L,SITE,-,-
CHEPSTOW PLANT,UK460130,UK460130,L,SITE,-,-
CHEPSTOW PLANT,UK460131,UK460131,L,SITE,-,-
CHEPSTOW PLANT,UK460132,UK460132,L,SITE,-,-
CHEPSTOW PLANT,UK460133,UK460133,L,SITE,-,-
CHEPSTOW PLANT,UK460134,UK460134,L,SITE,-,-
CHEPSTOW PLANT,UK460135,UK460135,L,SITE,-,-
CHEPSTOW PLANT,UK460138,UK460138,L,SITE,-,-
CHEPSTOW PLANT,UK460140,UK460140,L,SITE,-,-
CHEPSTOW PLANT,UK460141,UK460141,L,SITE,-,-
CHEPSTOW PLANT,UK460144,UK460144,L,SITE,-,-
CHEPSTOW PLANT,UK460146,UK460146,L,SITE,-,-
CHEPSTOW PLANT,UK460148,UK460148,L,SITE,-,-
CHEPSTOW PLANT,UK460149,UK460149,L,SITE,-,-
CHEPSTOW PLANT,UK460152,UK460152,L,SITE,-,-
CHEPSTOW PLANT,UK460153,UK460153,L,SITE,-,-
CHEPSTOW PLANT,UK460155,UK460155,L,SITE,-,-
CHEPSTOW PLANT,UK460156,UK460156,L,SITE,-,-
CHEPSTOW PLANT,UK460160,UK460160,L,SITE,-,-
CHEPSTOW PLANT,UK460161,UK460161,L,SITE,-,-
CHEPSTOW PLANT,UK460162,UK460162,L,SITE,-,-
CHEPSTOW PLANT,UK460164,UK460164,L,SITE,-,-
CHEPSTOW PLANT,UK460165,UK460165,L,SITE,-,-
CHEPSTOW PLANT,UK460168,UK460168,L,SITE,-,-
CHEPSTOW PLANT,UK460169,UK460169,L,SITE,-,-
LAFARGE CANADA,CA853646,CA853646,L,SITE,-,-
LAFARGE CANADA,CA853647,CA853647,L,SITE,-,-
VEOLIA,UK200089,UK200089,L,SITE,-,-
MILPILLAS,ME0030,ME0030,L,SITE,-,-
EVOLUTION AUS,AU0690,AU0690,L,SITE,-,-
DUFFERIN CONCR,CA836566,CA836566,L,SITE,-,-
DUFFERIN CONCR,CA836567,CA836567,L,SITE,-,-
DUFFERIN CONCR,CA836569,CA836569,L,SITE,-,-
DUFFERIN CONCR,CA836570,CA836570,L,SITE,-,-
DUFFERIN CONCR,CA836571,CA836571,L,SITE,-,-
DUFFERIN CONCR,CA836572,CA836572,L,SITE,-,-
DUFFERIN CONCR,CA836573,CA836573,L,SITE,-,-
DUFFERIN CONCR,CA836574,CA836574,L,SITE,-,-
VEOLIA,UK200002,UK200002,L,SITE,-,-
VEOLIA,UK200003,UK200003,L,SITE,-,-
VEOLIA,UK200004,UK200004,L,SITE,-,-
VEOLIA,UK200005,UK200005,L,SITE,-,-
VEOLIA,UK200006,UK200006,L,SITE,-,-
VEOLIA,UK200007,UK200007,L,SITE,-,-
VEOLIA,UK200008,UK200008,L,SITE,-,-
VEOLIA,UK200009,UK200009,L,SITE,-,-
VEOLIA,UK200010,UK200010,L,SITE,-,-
VEOLIA,UK200011,UK200011,L,SITE,-,-
VEOLIA,UK200012,UK200012,L,SITE,-,-
VEOLIA,UK200013,UK200013,L,SITE,-,-
VEOLIA,UK200014,UK200014,L,SITE,-,-
VEOLIA,UK200015,UK200015,L,SITE,-,-
VEOLIA,UK200016,UK200016,L,SITE,-,-
VEOLIA,UK200017,UK200017,L,SITE,-,-
VEOLIA,UK200018,UK200018,L,SITE,-,-
VEOLIA,UK200019,UK200019,L,SITE,-,-
VEOLIA,UK200032,UK200032,L,SITE,-,-
VEOLIA,UK200033,UK200033,L,SITE,-,-
VEOLIA,UK200034,UK200034,L,SITE,-,-
VEOLIA,UK200035,UK200035,L,SITE,-,-
VEOLIA,UK200036,UK200036,L,SITE,-,-
VEOLIA,UK200037,UK200037,L,SITE,-,-
VEOLIA,UK200038,UK200038,L,SITE,-,-
VEOLIA,UK200039,UK200039,L,SITE,-,-
VEOLIA,UK200040,UK200040,L,SITE,-,-
VEOLIA,UK200041,UK200041,L,SITE,-,-
VEOLIA,UK200042,UK200042,L,SITE,-,-
VEOLIA,UK200043,UK200043,L,SITE,-,-
VEOLIA,UK200046,UK200046,L,SITE,-,-
VEOLIA,UK200047,UK200047,L,SITE,-,-
VEOLIA,UK200048,UK200048,L,SITE,-,-
VEOLIA,UK200049,UK200049,L,SITE,-,-
VEOLIA,UK200050,UK200050,L,SITE,-,-
VEOLIA,UK200051,UK200051,L,SITE,-,-
VEOLIA,UK200087,UK200087,L,SITE,-,-
VEOLIA,UK200092,UK200092,L,SITE,-,-
VEOLIA,UK200099,UK200099,L,SITE,-,-
NEEGAN,CA322200,CA322200,L,SITE,-,-
ST IVES,AU0631,AU0631,L,SITE,-,-
CHEPSTOW PLANT,UK460174,UK460174,L,SITE,-,-
CHEPSTOW PLANT,UK460175,UK460175,L,SITE,-,-
CHEPSTOW PLANT,UK460176,UK460176,L,SITE,-,-
AGG INDUSTRIES,UK300001,UK300001,L,SITE,-,-
AGG INDUSTRIES,UK300044,UK300044,L,SITE,-,-
DUFFERIN CONCR,CA836575,CA836575,L,SITE,-,-
DUFFERIN CONCR,CA836578,CA836578,L,SITE,-,-
CHEPSTOW PLANT,UK460171,UK460171,L,SITE,-,-
CHEPSTOW PLANT,UK460172,UK460172,L,SITE,-,-
CHEPSTOW PLANT,UK460173,UK460173,L,SITE,-,-
VEOLIA,UK200001,UK200001,L,SITE,-,-
VEOLIA,UK200052,UK200052,L,SITE,-,-
VEOLIA,UK200053,UK200053,L,SITE,-,-
VEOLIA,UK200054,UK200054,L,SITE,-,-
VEOLIA,UK200055,UK200055,L,SITE,-,-
VEOLIA,UK200056,UK200056,L,SITE,-,-
VEOLIA,UK200057,UK200057,L,SITE,-,-
VEOLIA,UK200058,UK200058,L,SITE,-,-
VEOLIA,UK200088,UK200088,L,SITE,-,-
VEOLIA,UK200096,UK200096,L,SITE,-,-
REDPATH AUS,AU0645,AU0645,L,SITE,-,-
AGG INDUSTRIES,UK300002,UK300002,L,SITE,-,-
AGG INDUSTRIES,UK300003,UK300003,L,SITE,-,-
AGG INDUSTRIES,UK300004,UK300004,L,SITE,-,-
AGG INDUSTRIES,UK300005,UK300005,L,SITE,-,-
AGG INDUSTRIES,UK300006,UK300006,L,SITE,-,-
AGG INDUSTRIES,UK300007,UK300007,L,SITE,-,-
AGG INDUSTRIES,UK300008,UK300008,L,SITE,-,-
AGG INDUSTRIES,UK300009,UK300009,L,SITE,-,-
AGG INDUSTRIES,UK300010,UK300010,L,SITE,-,-
AGG INDUSTRIES,UK300011,UK300011,L,SITE,-,-
AGG INDUSTRIES,UK300012,UK300012,L,SITE,-,-
AGG INDUSTRIES,UK300045,UK300045,L,SITE,-,-
AGG INDUSTRIES,UK300046,UK300046,L,SITE,-,-
AGG INDUSTRIES,UK300050,UK300050,L,SITE,-,-
AGG INDUSTRIES,UK300051,UK300051,L,SITE,-,-
AGG INDUSTRIES,UK300052,UK300052,L,SITE,-,-
SOUTH DEEP MINE,SA1699,SA1699,L,SITE,-,-
SOUTH DEEP MINE,SA1680,SA1680,L,SITE,-,-
SOUTH DEEP MINE,SA1705,SA1705,L,SITE,-,-
FEKOLA,MA020000,MA020000,L,SITE,-,-
VENETIA,SA0420,SA0420,L,SITE,-,-
REDPATH AUS,AU0646,AU0646,L,SITE,-,-
EVOLUTION AUS,AU0661,AU0661,L,SITE,-,-
BLACKWELL,UK500001,UK500001,L,SITE,-,-
GRANNY SMITH,AU0700,AU0700,L,SITE,-,-
HANSON AGG,UK210007,UK210007,L,SITE,-,-
HANSON AGG,UK210008,UK210008,L,SITE,-,-
HANSON AGG,UK210009,UK210009,L,SITE,-,-
RELIANT,ZA0042,ZA0042,L,SITE,-,-
CHEPSTOW PLANT,UK460143,UK460143,L,SITE,-,-
CHEPSTOW PLANT,UK460154,UK460154,L,SITE,-,-
CHEPSTOW PLANT,UK460159,UK460159,L,SITE,-,-
CHEPSTOW PLANT,UK460163,UK460163,L,SITE,-,-
CHEPSTOW PLANT,UK460112,UK460112,L,SITE,-,-
CHEPSTOW PLANT,UK460136,UK460136,L,SITE,-,-
CHEPSTOW PLANT,UK460158,UK460158,L,SITE,-,-
CHEPSTOW PLANT,UK460167,UK460167,L,SITE,-,-
CHEPSTOW PLANT,UK460121,UK460121,L,SITE,-,-
CHEPSTOW PLANT,UK460147,UK460147,L,SITE,-,-
CHEPSTOW PLANT,UK460166,UK460166,L,SITE,-,-
CHEPSTOW PLANT,UK460157,UK460157,L,SITE,-,-
DUFFERIN CONCR,CA836576,CA836576,L,SITE,-,-
DUFFERIN CONCR,CA836577,CA836577,L,SITE,-,-
CHEPSTOW PLANT,UK460170,UK460170,L,SITE,-,-
VEOLIA,UK200020,UK200020,L,SITE,-,-
VEOLIA,UK200021,UK200021,L,SITE,-,-
VEOLIA,UK200022,UK200022,L,SITE,-,-
VEOLIA,UK200023,UK200023,L,SITE,-,-
VEOLIA,UK200024,UK200024,L,SITE,-,-
VEOLIA,UK200025,UK200025,L,SITE,-,-
VEOLIA,UK200026,UK200026,L,SITE,-,-
VEOLIA,UK200027,UK200027,L,SITE,-,-
VEOLIA,UK200028,UK200028,L,SITE,-,-
VEOLIA,UK200029,UK200029,L,SITE,-,-
VEOLIA,UK200030,UK200030,L,SITE,-,-
VEOLIA,UK200031,UK200031,L,SITE,-,-
VEOLIA,UK200083,UK200083,L,SITE,-,-
VEOLIA,UK200084,UK200084,L,SITE,-,-
VEOLIA,UK200085,UK200085,L,SITE,-,-
VEOLIA,UK200086,UK200086,L,SITE,-,-
VEOLIA,UK200093,UK200093,L,SITE,-,-
REDPATH AUS,AU0642,AU0642,L,SITE,-,-
AGG INDUSTRIES,UK300064,UK300064,L,SITE,-,-
AGG INDUSTRIES,UK300065,UK300065,L,SITE,-,-
AGG INDUSTRIES,UK300066,UK300066,L,SITE,-,-
AGG INDUSTRIES,UK300067,UK300067,L,SITE,-,-
AGG INDUSTRIES,UK300068,UK300068,L,SITE,-,-
AGG INDUSTRIES,UK300069,UK300069,L,SITE,-,-
SOUTH DEEP MINE,SA1690,SA1690,L,SITE,-,-
DEVELOP,AU0670,AU0670,L,SITE,-,-
ROBERT E YOUNG,CA836909,CA836909,L,SITE,-,-
CERRO MATOSO,CO0220,CO0220,L,SITE,-,-
REDPATH AUS,AU0647,AU0647,L,SITE,-,-
HANSON AGG,UK210010,UK210010,L,SITE,-,-
HANSON AGG,UK210011,UK210011,L,SITE,-,-
HANSON AGG,UK210012,UK210012,L,SITE,-,-
HANSON AGG,UK210013,UK210013,L,SITE,-,-
HANSON AGG,UK210014,UK210014,L,SITE,-,-
HANSON AGG,UK210015,UK210015,L,SITE,-,-
HANSON AGG,UK210019,UK210019,L,SITE,-,-
HANSON AGG,UK210021,UK210021,L,SITE,-,-
HANSON AGG,UK210023,UK210023,L,SITE,-,-
HANSON AGG,UK210024,UK210024,L,SITE,-,-
HANSON AGG,UK210028,UK210028,L,SITE,-,-
HANSON AGG,UK210029,UK210029,L,SITE,-,-
HANSON AGG,UK210030,UK210030,L,SITE,-,-
HANSON AGG,UK210031,UK210031,L,SITE,-,-
HANSON AGG,UK210032,UK210032,L,SITE,-,-
DUFFERIN AGG,CA836591,CA836591,L,SITE,-,-
KALGOLD ECO,SA1940,Brits,L,SITE,-,-
LA ESTANCIA,CO0190,CO0190,L,SITE,-,-
LAFARGE CANADA,CA853638,CA853638,L,SITE,-,-
CHEPSTOW PLANT,UK460102,UK460102,L,SITE,-,-
LAFARGE CANADA,CA853645,CA853645,L,SITE,-,-
VEOLIA,UK200044,UK200044,L,SITE,-,-
VEOLIA,UK200045,UK200045,L,SITE,-,-
VEOLIA,UK200097,UK200097,L,SITE,-,-
VEOLIA,UK200098,UK200098,L,SITE,-,-
COTE GOLD,CA3710,CA3710,L,SITE,-,-
AGG INDUSTRIES,UK300013,UK300013,L,SITE,-,-
AGG INDUSTRIES,UK300014,UK300014,L,SITE,-,-
AGG INDUSTRIES,UK300015,UK300015,L,SITE,-,-
AGG INDUSTRIES,UK300016,UK300016,L,SITE,-,-
AGG INDUSTRIES,UK300017,UK300017,L,SITE,-,-
AGG INDUSTRIES,UK300018,UK300018,L,SITE,-,-
AGG INDUSTRIES,UK300019,UK300019,L,SITE,-,-
AGG INDUSTRIES,UK300020,UK300020,L,SITE,-,-
AGG INDUSTRIES,UK300021,UK300021,L,SITE,-,-
AGG INDUSTRIES,UK300022,UK300022,L,SITE,-,-
AGG INDUSTRIES,UK300023,UK300023,L,SITE,-,-
AGG INDUSTRIES,UK300024,UK300024,L,SITE,-,-
AGG INDUSTRIES,UK300025,UK300025,L,SITE,-,-
AGG INDUSTRIES,UK300026,UK300026,L,SITE,-,-
AGG INDUSTRIES,UK300027,UK300027,L,SITE,-,-
AGG INDUSTRIES,UK300028,UK300028,L,SITE,-,-
AGG INDUSTRIES,UK300029,UK300029,L,SITE,-,-
AGG INDUSTRIES,UK300030,UK300030,L,SITE,-,-
AGG INDUSTRIES,UK300031,UK300031,L,SITE,-,-
AGG INDUSTRIES,UK300032,UK300032,L,SITE,-,-
AGG INDUSTRIES,UK300033,UK300033,L,SITE,-,-
AGG INDUSTRIES,UK300034,UK300034,L,SITE,-,-
AGG INDUSTRIES,UK300035,UK300035,L,SITE,-,-
AGG INDUSTRIES,UK300036,UK300036,L,SITE,-,-
AGG INDUSTRIES,UK300037,UK300037,L,SITE,-,-
AGG INDUSTRIES,UK300038,UK300038,L,SITE,-,-
AGG INDUSTRIES,UK300039,UK300039,L,SITE,-,-
AGG INDUSTRIES,UK300040,UK300040,L,SITE,-,-
AGG INDUSTRIES,UK300041,UK300041,L,SITE,-,-
AGG INDUSTRIES,UK300042,UK300042,L,SITE,-,-
AGG INDUSTRIES,UK300043,UK300043,L,SITE,-,-
AGG INDUSTRIES,UK300047,UK300047,L,SITE,-,-
AGG INDUSTRIES,UK300048,UK300048,L,SITE,-,-
AGG INDUSTRIES,UK300049,UK300049,L,SITE,-,-
AGG INDUSTRIES,UK300053,UK300053,L,SITE,-,-
AGG INDUSTRIES,UK300054,UK300054,L,SITE,-,-
AGG INDUSTRIES,UK300055,UK300055,L,SITE,-,-
AGG INDUSTRIES,UK300056,UK300056,L,SITE,-,-
AGG INDUSTRIES,UK300057,UK300057,L,SITE,-,-
AGG INDUSTRIES,UK300058,UK300058,L,SITE,-,-
AGG INDUSTRIES,UK300059,UK300059,L,SITE,-,-
LAFARGE CANADA,CA836616,CA836616,L,SITE,-,-
LAFARGE CANADA,CA836617,CA836617,L,SITE,-,-
LAFARGE CANADA,CA836618,CA836618,L,SITE,-,-
LAFARGE CANADA,CA836619,CA836619,L,SITE,-,-
LAFARGE CANADA,CA836620,CA836620,L,SITE,-,-
LAFARGE CANADA,CA836621,CA836621,L,SITE,-,-
LAFARGE CANADA,CA836622,CA836622,L,SITE,-,-
LAFARGE CANADA,CA836623,CA836623,L,SITE,-,-
LAFARGE CANADA,CA836624,CA836624,L,SITE,-,-
LAFARGE CANADA,CA836626,CA836626,L,SITE,-,-
LAFARGE CANADA,CA836627,CA836627,L,SITE,-,-
LAFARGE CANADA,CA836628,CA836628,L,SITE,-,-
LAFARGE CANADA,CA836629,CA836629,L,SITE,-,-
LAFARGE CANADA,CA836631,CA836631,L,SITE,-,-
LAFARGE CANADA,CA836632,CA836632,L,SITE,-,-
LAFARGE CANADA,CA836634,CA836634,L,SITE,-,-
LAFARGE CANADA,CA836635,CA836635,L,SITE,-,-
LAFARGE CANADA,CA836636,CA836636,L,SITE,-,-
LAFARGE CANADA,CA853637,CA853637,L,SITE,-,-
LAS ENCINAS,ME0070,ME0070,L,SITE,-,-
PENA COLORADA,ME0170,ME0170,L,SITE,-,-
THARISA M ECO,SA1740,SA1740,L,SITE,-,-
THARISA W ECO,SA1741,SA1741,L,SITE,-,-
THARISA FW ECO,SA1742,SA1742,L,SITE,-,-
WATERVAL,SA0910,SA0910,L,SITE,-,-
VEOLIA,UK200094,UK200094,L,SITE,-,-
REDPATH AUS,AU0643,AU0643,L,SITE,-,-
REDPATH AUS,AU0644,AU0644,L,SITE,-,-
SILVERTIP,CA3560,CA3560,L,SITE,-,-
AGG INDUSTRIES,UK300060,UK300060,L,SITE,-,-
AGG INDUSTRIES,UK300061,UK300061,L,SITE,-,-
SOUTH DEEP MINE,SA1700,SA1700,L,SITE,-,-
VALENTINE GOLD,CA3590,CA3590,L,SITE,-,-
SAUCITO,ME0480,ME0480,L,SITE,-,-
DEVELOP,AU0671,AU0671,L,SITE,-,-
HANSON AGG,UK210016,UK210016,L,SITE,-,-
HANSON AGG,UK210017,UK210017,L,SITE,-,-
HANSON AGG,UK210018,UK210018,L,SITE,-,-
HANSON AGG,UK210020,UK210020,L,SITE,-,-
HANSON AGG,UK210033,UK210033,L,SITE,-,-
HANSON AGG,UK210034,UK210034,L,SITE,-,-
HANSON AGG,UK210035,UK210035,L,SITE,-,-
HANSON AGG,UK210036,UK210036,L,SITE,-,-
HANSON AGG,UK210088,UK210088,L,SITE,-,-
HANSON AGG,UK210089,UK210089,L,SITE,-,-
HANSON AGG,UK210092,UK210092,L,SITE,-,-
HANSON AGG,UK210095,UK210095,L,SITE,-,-
HANSON AGG,UK210112,UK210112,L,SITE,-,-
HANSON AGG,UK210113,UK210113,L,SITE,-,-
HANSON AGG,UK210115,UK210115,L,SITE,-,-
HANSON AGG,UK210116,UK210116,L,SITE,-,-
HANSON AGG,UK210117,UK210117,L,SITE,-,-
HANSON AGG,UK210118,UK210118,L,SITE,-,-
HANSON AGG,UK210120,UK210120,L,SITE,-,-
HANSON AGG,UK210121,UK210121,L,SITE,-,-
HANSON AGG,UK210122,UK210122,L,SITE,-,-
HANSON AGG,UK210123,UK210123,L,SITE,-,-
HANSON AGG,UK210132,UK210132,L,SITE,-,-
HANSON AGG,UK210103,UK210103,L,SITE,-,-
HANSON AGG,UK210105,UK210105,L,SITE,-,-
HANSON AGG,UK210107,UK210107,L,SITE,-,-
HANSON AGG,UK210108,UK210108,L,SITE,-,-
HANSON AGG,UK210109,UK210109,L,SITE,-,-
HANSON AGG,UK210110,UK210110,L,SITE,-,-
HANSON AGG,UK210111,UK210111,L,SITE,-,-
HANSON AGG,UK210114,UK210114,L,SITE,-,-
HANSON AGG,UK210127,UK210127,L,SITE,-,-
HANSON AGG,UK210128,UK210128,L,SITE,-,-
HANSON AGG,UK210129,UK210129,L,SITE,-,-
HANSON AGG,UK210130,UK210130,L,SITE,-,-
HANSON AGG,UK210131,UK210131,L,SITE,-,-
HANSON AGG,UK210090,UK210090,L,SITE,-,-
HANSON AGG,UK210093,UK210093,L,SITE,-,-
HANSON AGG,UK210094,UK210094,L,SITE,-,-
HANSON AGG,UK210119,UK210119,L,SITE,-,-
HANSON AGG,UK210124,UK210124,L,SITE,-,-
HANSON AGG,UK210125,UK210125,L,SITE,-,-
HANSON AGG,UK210126,UK210126,L,SITE,-,-
CHUQUICAMATA CO,CH0256,CH0256,L,SITE,-,-
HANSON AGG,UK210106,UK210106,L,SITE,-,-
HANSON AGG,UK210096,UK210096,L,SITE,-,-
HANSON AGG,UK210097,UK210097,L,SITE,-,-
HANSON AGG,UK210104,UK210104,L,SITE,-,-
HANSON AGG,UK210091,UK210091,L,SITE,-,-
HANSON AGG,UK210098,UK210098,L,SITE,-,-
HANSON AGG,UK210099,UK210099,L,SITE,-,-
HANSON AGG,UK210100,UK210100,L,SITE,-,-
HANSON AGG,UK210101,UK210101,L,SITE,-,-
HANSON AGG,UK210102,UK210102,L,SITE,-,-
PUEBLO VIEJO,DR0001,DR0001,L,SITE,-,-
